<?xml version="1.0" encoding="UTF-8"?>
<beans xmlns="http://www.springframework.org/schema/beans"
	xmlns:xsi="http://www.w3.org/2001/XMLSchema-instance" xmlns:amq="http://activemq.apache.org/schema/core"
	xsi:schemaLocation="http://www.springframework.org/schema/beans http://www.springframework.org/schema/beans/spring-beans-3.0.xsd http://activemq.apache.org/schema/core http://activemq.apache.org/schema/core/activemq-core.xsd">

	<amq:connectionFactory id="connectionFactory"
		brokerURL="tcp://localhost:61616" />
	<amq:queue id="testqueue" physicalName="queue.exampleA" />
	
	<bean id="cf" class="org.springframework.jms.connection.SingleConnectionFactory">
	<property name="targetConnectionFactory" ref="connectionFactory"/>
	</bean>
	<bean id="jmsTemplate" class="org.springframework.jms.core.JmsTemplate">
		<property name="connectionFactory" ref="connectionFactory" />
		<property name="defaultDestination" ref="testqueue" />
	</bean>
</beans>
